danny.avila@gmail.com,12345678,52,52,Danny,Avila,BKA,HA NOI,HAI DUONG,HA NOI,000,230,3776
tammy.blevins@gmail.com,12345678,53,53,Tammy,Blevins,BKA,HA NOI,HAI DUONG,HA NOI,000,230,3776
hanna.aguirre@gmail.com,12345678,54,54,Hanna,Aguirre,BKA,HA NOI,HAI DUONG,HA NOI,000,230,3776
jose.baird@gmail.com,12345678,55,55,Jose,Baird,BKA,HA NOI,HAI DUONG,HA NOI,000,230,3776
tony.armstrong@gmail.com,12345678,56,56,Tony,Armstrong,BKA,HA NOI,HAI DUONG,HA NOI,000,230,3776
katrina.armstrong@gmail.com,12345678,57,57,Katrina,Armstrong,BKA,HA NOI,HAI DUONG,HA NOI,000,230,3776
claudette.blankenship@gmail.com,12345678,58,58,Claudette,Blankenship,BKA,HA NOI,HAI DUONG,HA NOI,000,230,3776
akane.alexander@gmail.com,12345678,59,59,Akane,Alexander,BKA,HA NOI,HAI DUONG,HA NOI,000,230,3776
gert.britt@gmail.com,12345678,60,60,Gert,Britt,BKA,HA NOI,HAI DUONG,HA NOI,000,230,3776
jeanne.blackburn@gmail.com,12345678,61,61,Jeanne,Blackburn,BKA,HA NOI,HAI DUONG,HA NOI,000,230,3776
