1,1,Danny,Avila,danny.avila@gmail.com,8398317450,8398317450,BKA,1,HA NOI,HAI DUONG,HA NOI,000,230,3776,12345678,12345678,0,1
2,1,Tony,Armstrong,tony.armstrong@gmail.com,1766554158,1766554158,BKA,2,HA NOI,HAI DUONG,HA NOI,000,230,3776,12345678,12345678,0,1
3,1,Katrina,Armstrong,katrina.armstrong@gmail.com,7906823969,7906823969,BKA,3,HA NOI,HAI DUONG,HA NOI,000,230,3776,12345678,12345678,0,1
4,1,Tammy,Blevins,tammy.blevins@gmail.com,7690164481,7690164481,BKA,4,HA NOI,HAI DUONG,HA NOI,000,230,3776,12345678,12345678,0,1
5,1,Jeanne,Blackburn,jeanne.blackburn@gmail.com,6744516120,6744516120,BKA,5,HA NOI,HAI DUONG,HA NOI,000,230,3776,12345678,12345678,0,1
6,1,Claudette,Blankenship,claudette.blankenship@gmail.com,8713180600,8713180600,BKA,6,HA NOI,HAI DUONG,HA NOI,000,230,3776,12345678,12345678,0,1
7,1,Jose,Baird,jose.baird@gmail.com,9574927391,9574927391,BKA,7,HA NOI,HAI DUONG,HA NOI,000,230,3776,12345678,12345678,0,1
8,1,Akane,Alexander,akane.alexander@gmail.com,9470421410,9470421410,BKA,8,HA NOI,HAI DUONG,HA NOI,000,230,3776,12345678,12345678,0,1
9,1,Hanna,Aguirre,hanna.aguirre@gmail.com,3212981370,3212981370,BKA,9,HA NOI,HAI DUONG,HA NOI,000,230,3776,12345678,12345678,0,1
10,1,Gert,Britt,gert.britt@gmail.com,3425021713,3425021713,BKA,10,HA NOI,HAI DUONG,HA NOI,000,230,3776,12345678,12345678,0,1
